2023/3/17 上午 09:56:01,Home,Index,N/A
2023/3/17 上午 09:56:08,Products,GetImage,A00001
2023/3/17 上午 09:56:08,Products,GetImage,A00002
2023/3/17 上午 09:56:08,Products,GetImage,A00004
2023/3/17 上午 09:56:08,Products,GetImage,A00005
2023/3/17 上午 09:56:09,Products,GetImage,A00006
2023/3/17 上午 09:56:09,Products,GetImage,A00008
2023/3/17 上午 09:56:09,Products,GetImage,A00012
2023/3/17 上午 09:56:09,Products,GetImage,A00010
2023/3/17 上午 09:56:09,Products,GetImage,A00013
2023/3/17 上午 09:56:09,Products,GetImage,A00011
2023/3/17 上午 09:58:48,Home,Index,N/A
2023/3/17 上午 09:58:49,Products,GetImage,A00001
2023/3/17 上午 09:58:49,Products,GetImage,A00006
2023/3/17 上午 09:58:49,Products,GetImage,A00002
2023/3/17 上午 09:58:49,Products,GetImage,A00004
2023/3/17 上午 09:58:49,Products,GetImage,A00005
2023/3/17 上午 09:58:49,Products,GetImage,A00003
2023/3/17 上午 09:58:49,Products,GetImage,A00007
2023/3/17 上午 09:58:49,Products,GetImage,A00009
2023/3/17 上午 09:58:49,Products,GetImage,A00008
2023/3/17 上午 09:58:50,Products,GetImage,A00010
2023/3/17 上午 09:58:50,Products,GetImage,A00011
2023/3/17 上午 09:58:50,Products,GetImage,A00013
2023/3/17 上午 09:58:50,Products,GetImage,A00012
2023/3/17 上午 10:11:51,Home,Index,N/A
2023/3/17 上午 10:11:58,Products,GetImage,A00001
2023/3/17 上午 10:11:58,Products,GetImage,A00002
2023/3/17 上午 10:11:59,Products,GetImage,A00006
2023/3/17 上午 10:11:59,Products,GetImage,A00005
2023/3/17 上午 10:11:59,Products,GetImage,A00007
2023/3/17 上午 10:11:59,Products,GetImage,A00008
2023/3/17 上午 10:11:59,Products,GetImage,A00009
2023/3/17 上午 10:11:59,Products,GetImage,A00010
2023/3/17 上午 10:11:59,Products,GetImage,A00011
2023/3/17 上午 10:11:59,Products,GetImage,A00013
2023/3/17 上午 10:11:59,Products,GetImage,A00012
2023/3/17 上午 10:11:59,Products,GetImage,A00004
2023/3/17 上午 10:13:49,Home,Index,N/A
2023/3/17 上午 10:13:49,Products,GetImage,A00001
2023/3/17 上午 10:13:49,Products,GetImage,A00002
2023/3/17 上午 10:13:49,Products,GetImage,A00006
2023/3/17 上午 10:13:49,Products,GetImage,A00003
2023/3/17 上午 10:13:49,Products,GetImage,A00005
2023/3/17 上午 10:13:49,Products,GetImage,A00007
2023/3/17 上午 10:13:49,Products,GetImage,A00009
2023/3/17 上午 10:13:49,Products,GetImage,A00008
2023/3/17 上午 10:13:49,Products,GetImage,A00010
2023/3/17 上午 10:13:49,Products,GetImage,A00011
2023/3/17 上午 10:13:49,Products,GetImage,A00012
2023/3/17 上午 10:13:49,Products,GetImage,A00013
2023/3/17 上午 10:14:38,Home,Display,A00005
2023/3/17 上午 10:14:38,Products,GetImage,A00005
2023/3/17 上午 10:15:47,Home,MyCart,N/A
2023/3/17 上午 10:15:47,Products,GetImage,A00002
2023/3/17 上午 10:15:47,Products,GetImage,A00003
2023/3/17 上午 10:15:47,Products,GetImage,A00001
2023/3/17 上午 10:20:10,Home,Index,N/A
2023/3/17 上午 10:20:39,Home,MyCart,N/A
2023/3/17 上午 10:20:48,Home,Index,N/A
2023/3/17 上午 10:21:53,Home,MyCart,N/A
2023/3/17 上午 10:21:57,MemberOrder,Order,N/A
2023/3/17 上午 10:21:57,Home,Login,N/A
2023/3/17 上午 10:23:16,Home,Login,N/A
2023/3/17 上午 10:23:32,Home,Login,N/A
2023/3/17 上午 10:23:32,Home,Index,N/A
2023/3/17 上午 10:23:40,Home,MyCart,N/A
2023/3/17 上午 10:23:43,MemberOrder,Order,N/A
2023/3/17 上午 10:24:02,MemberOrder,Order,N/A
2023/3/17 上午 10:24:02,MemberOrder,MyOrderList,N/A
2023/3/17 上午 10:25:10,Home,Login,N/A
2023/3/17 上午 10:25:12,Home,Logout,N/A
2023/3/17 上午 10:25:12,Home,Login,N/A
2023/3/17 上午 10:25:14,Home,Login,N/A
2023/3/17 上午 10:25:15,Home,Login,N/A
2023/3/17 上午 10:25:16,Home,Login,N/A
2023/3/17 上午 10:25:18,Home,Login,N/A
2023/3/17 上午 10:25:20,Home,Login,N/A
2023/3/17 上午 10:25:21,Home,Login,N/A
2023/3/17 上午 10:35:14,Home,DisplayByTitle,Index
2023/3/17 上午 10:35:25,Home,Index,N/A
2023/3/17 上午 10:45:02,Home,Index,N/A
2023/3/17 上午 11:07:18,Home,Index,N/A
2023/3/17 下午 06:16:30,Home,Index,N/A,Guest
2023/3/18 下午 08:20:54,Home,Login,N/A,Guest
2023/3/18 下午 08:20:55,Home,Display,N/A,Guest
2023/3/18 下午 08:21:21,Home,Login,N/A,Guest
2023/3/20 下午 12:00:57,MemberOrder,Order,N/A,Guest
2023/3/20 下午 12:00:57,Home,Login,N/A,Guest
